{
  "1": {"diameter": 147.14394193021377, "min_x": -10.351120948791504, "min_y": -4.75, "min_z": 0.0, "original_id": "BD537R", "size_x": 20.702241897583008, "size_y": 9.5, "size_z": 144.99993896484375},
  "2": {"diameter": 151.17748674388324, "min_x": 0.0499989278614521, "min_y": -5.535881519317627, "min_z": 0.10036428272724152, "original_id": "FK114R", "size_x": 10.347055744379759, "size_y": 10.559123516082764, "size_z": 149.99420969188213},
  "3": {"diameter": 220.75822796883577, "min_x": -29.681562423706055, "min_y": -209.9993133544922, "min_z": -15.249556541442871, "original_id": "BT320R", "size_x": 33.181565046310425, "size_y": 209.9993133544922, "size_z": 30.499113082885742},
  "4": {"diameter": 212.81747518273943, "min_x": -36.15629577636719, "min_y": -132.18190002441406, "min_z": -2.75, "original_id": "BH646R", "size_x": 72.31259155273438, "size_y": 200.00003051757812, "size_z": 5.5},
  "5": {"diameter": 210.72810246602717, "min_x": -113.66799926757812, "min_y": -15.88254451751709, "min_z": -3.4390640258789062, "original_id": "BT458R", "size_x": 204.99771881103516, "size_y": 30.497285842895508, "size_z": 25.10590934753418},
  "6": {"diameter": 94.48177886318958, "min_x": -4.0, "min_y": -9.5, "min_z": 0.0, "original_id": "FB423R", "size_x": 16.024341583251953, "size_y": 19.0, "size_z": 86.02429962158203},
  "7": {"diameter": 165.53395251449834, "min_x": 7.944215774536133, "min_y": -2.7058017253875732, "min_z": -5.995199680328369, "original_id": "BT111R", "size_x": 165.01177787780762, "size_y": 5.4116034507751465, "size_z": 8.007960557937622},
  "8": {"diameter": 210.53407002808058, "min_x": -113.66799926757812, "min_y": -15.88254451751709, "min_z": -3.4390640258789062, "original_id": "BT457R", "size_x": 204.99771881103516, "size_y": 30.497285842895508, "size_z": 25.10590934753418},
  "9": {"diameter": 138.6834039682045, "min_x": -30.320608139038086, "min_y": -97.0626220703125, "min_z": -6.394211292266846, "original_id": "BH111R", "size_x": 60.64121627807617, "size_y": 123.98970222473145, "size_z": 7.994211316108704},
  "10": {"diameter": 221.4873169608248, "min_x": -33.12150955200195, "min_y": -101.402099609375, "min_z": -57.499977111816406, "original_id": "FB466R", "size_x": 66.2430191040039, "size_y": 157.99835205078125, "size_z": 84.99995231628418},
  "11": {"diameter": 216.51205846487198, "min_x": -34.70602798461914, "min_y": -170.18190002441406, "min_z": -2.75, "original_id": "BM067R", "size_x": 69.41205596923828, "size_y": 205.0000343322754, "size_z": 5.5},
  "12": {"diameter": 216.79982305600274, "min_x": -35.0753173828125, "min_y": -165.96067810058594, "min_z": -3.0, "original_id": "BM077R", "size_x": 70.150634765625, "size_y": 204.99771118164062, "size_z": 6.0},
  "13": {"diameter": 254.59133143435534, "min_x": -15.524452209472656, "min_y": -152.16940307617188, "min_z": -40.40137481689453, "original_id": "BV068R", "size_x": 19.624452114105225, "size_y": 168.5592384338379, "size_z": 123.07708740234375},
  "14": {"diameter": 130.00952974576694, "min_x": -29.99411964416504, "min_y": -78.8833999633789, "min_z": -16.022079467773438, "original_id": "BF432R", "size_x": 59.98823928833008, "size_y": 109.82885932922363, "size_z": 18.02248525619507},
  "15": {"diameter": 253.36097751964445, "min_x": -33.995792388916016, "min_y": -144.9973907470703, "min_z": -3.502072811126709, "original_id": "EB240R", "size_x": 67.99158477783203, "size_y": 239.9973907470703, "size_z": 26.20203161239624},
  "16": {"diameter": 138.58072058263826, "min_x": -30.00786018371582, "min_y": -97.0626220703125, "min_z": -6.413126468658447, "original_id": "BH121R", "size_x": 60.01572036743164, "size_y": 124.21308708190918, "size_z": 8.013126492500305},
  "17": {"diameter": 165.2590775955735, "min_x": -34.614349365234375, "min_y": -122.62335205078125, "min_z": -2.0999999046325684, "original_id": "BM013R", "size_x": 69.22869873046875, "size_y": 149.99993515014648, "size_z": 4.199999809265137},
  "18": {"diameter": 206.78868528879295, "min_x": -26.232561111450195, "min_y": -154.9976806640625, "min_z": -3.1018927097320557, "original_id": "BC265R", "size_x": 52.46512222290039, "size_y": 199.42332458496094, "size_z": 9.405349016189575},
  "19": {"diameter": 197.46893619093217, "min_x": -34.32686996459961, "min_y": -144.62335205078125, "min_z": -2.0, "original_id": "BH212R", "size_x": 68.65373992919922, "size_y": 185.0496482849121, "size_z": 4.0},
  "20": {"diameter": 244.17367060055346, "min_x": -35.64642333984375, "min_y": -165.40016174316406, "min_z": -22.487422943115234, "original_id": "BJ025R", "size_x": 71.2928466796875, "size_y": 229.9867172241211, "size_z": 24.987422943115234},
  "21": {"diameter": 287.49934527383465, "min_x": 0.30000001192092896, "min_y": -60.04999923706055, "min_z": -14.799140930175781, "original_id": "FK176R", "size_x": 264.99623411893845, "size_y": 59.99999928474426, "size_z": 29.59805202484131},
  "22": {"diameter": 213.9268427184012, "min_x": -36.07561492919922, "min_y": -113.1789321899414, "min_z": -22.230384826660156, "original_id": "BF047R", "size_x": 72.15122985839844, "size_y": 195.97174835205078, "size_z": 24.980384826660156},
  "23": {"diameter": 218.8276022824451, "min_x": -35.64695358276367, "min_y": -160.40016174316406, "min_z": -14.490093231201172, "original_id": "BJ021R", "size_x": 71.29390716552734, "size_y": 204.98851776123047, "size_z": 16.990093231201172},
  "24": {"diameter": 202.26636686341712, "min_x": -13.193121910095215, "min_y": -5.900000095367432, "min_z": 2.2737367544323206e-13, "original_id": "BD561R", "size_x": 26.386260986328125, "size_y": 11.800000190734863, "size_z": 199.99975585937477},
  "25": {"diameter": 156.18241028992372, "min_x": -26.23259162902832, "min_y": -87.99759674072266, "min_z": -3.498680353164673, "original_id": "BC424R", "size_x": 52.46518325805664, "size_y": 143.5822868347168, "size_z": 13.237953424453735},
  "26": {"diameter": 181.1005337659509, "min_x": -8.248997688293457, "min_y": -81.19869995117188, "min_z": -3.899935722351074, "original_id": "FK310R", "size_x": 16.49771213531494, "size_y": 179.99811553955078, "size_z": 7.799844026565552},
  "27": {"diameter": 164.63328313741349, "min_x": -33.45742416381836, "min_y": -91.4004135131836, "min_z": -2.5, "original_id": "BH630R", "size_x": 66.91484832763672, "size_y": 150.1739845275879, "size_z": 5.0},
  "28": {"diameter": 173.09852670876595, "min_x": -10.499406814575195, "min_y": -10.494731903076172, "min_z": -98.94483184814453, "original_id": "FK624R", "size_x": 20.99718952178955, "size_y": 20.98973274230957, "size_z": 169.50482940673828},
  "29": {"diameter": 275.70149112959047, "min_x": -37.7913818359375, "min_y": -162.95870971679688, "min_z": -3.654926061630249, "original_id": "BF062R", "size_x": 75.582763671875, "size_y": 264.99761962890625, "size_z": 7.309852600097656},
  "30": {"diameter": 195.3025511629076, "min_x": -34.376808166503906, "min_y": -145.62335205078125, "min_z": -12.733351707458496, "original_id": "BH201R", "size_x": 68.75361633300781, "size_y": 180.98480224609375, "size_z": 14.983351707458496},
  "31": {"diameter": 214.41631744876176, "min_x": -37.36936569213867, "min_y": -157.17892456054688, "min_z": -8.868185997009277, "original_id": "FO808R", "size_x": 74.73873138427734, "size_y": 199.99700164794922, "size_z": 11.618185997009277},
  "32": {"diameter": 153.56690188342384, "min_x": -24.8828067779541, "min_y": -108.99971771240234, "min_z": -2.3229942321777344, "original_id": "BC261R", "size_x": 49.7656135559082, "size_y": 144.41486358642578, "size_z": 8.276877403259277},
  "33": {"diameter": 173.38807333985903, "min_x": -26.231904983520508, "min_y": -109.99739837646484, "min_z": -3.1520228385925293, "original_id": "BC283R", "size_x": 52.463809967041016, "size_y": 164.24297714233398, "size_z": 10.90410327911377},
  "34": {"diameter": 224.03701110642226, "min_x": -124.15990447998047, "min_y": -15.248642921447754, "min_z": -10.48253345489502, "original_id": "BT261R", "size_x": 219.90762329101562, "size_y": 30.497285842895508,