{
  "cx": 638.927404787962,
  "cy": 388.6321980625046,
  "depth_scale": 0.01,
  "fx": 1836.6544380303883,
  "fy": 1836.2623819544767,
  "height": 960,
  "width": 1280
}