{
  "cx": 958.39110718194308,
  "cy": 582.94829709375688,
  "depth_scale": 0.01,
  "fx": 2754.9816570455823,
  "fy": 2754.3935729317150,
  "height": 1200,
  "width": 1920
}